additional_muts,barcode,class,gene,ploidy,type,barcode_sequence,barcode_GCratio
TIP1-upstream_point_variant; YKR012C-upstream_indel_variant; APM2-upstream_indel_variant; RPL11B-upstream_indel_variant; YIL161W-upstream_indel_variant; YIL169C-frameshift_variant,53,Diploid,Diploid,Diploid,Diploid,AACGTAAGTCTAAACGTATTTGAGAA,0.3076923076923077
"SEH1-missense_variant; ZIP1-missense_variant; MIM1,tS-upstream_indel_variant; YFL019C,SUF9-upstream_indel_variant",151,PKA,IRA1,Haploid,stop_gained,TCCATAATTGGGAATTGGATTTTGGC,0.38461538461538464
NotSequenced,262,NotSequenced,NotSequenced,NotSequenced,NotSequenced,TTAATAAACAAGAAACGGGTTGTGGA,0.34615384615384615
,273,PKA,IRA1,Haploid,frameshift_variant,TCACTAAGAAGGAAGTCCATTATTAC,0.34615384615384615
NotSequenced,323,NotSequenced,NotSequenced,NotSequenced,NotSequenced,AGCCAAAAAAGTAATATTTTTGACCA,0.2692307692307692
,415,PKA,IRA1,Haploid,frameshift_variant,GCGTAAATCAGGAAACTCCTTTTGTT,0.38461538461538464
NotSequenced,499,NotSequenced,NotSequenced,NotSequenced,NotSequenced,AAAAGAACTTAGAAAACGCTTTTCGG,0.34615384615384615
NotSequenced,622,NotSequenced,NotSequenced,NotSequenced,NotSequenced,AAGAAAATCAACAATCATATTTTGCG,0.2692307692307692
RPL19A-upstream_point_variant,689,PKA,IRA1,Haploid,frameshift_variant,ATCTTAACCGATAAGCCACTTTTATG,0.34615384615384615
NotSequenced,697,NotSequenced,NotSequenced,NotSequenced,NotSequenced,GCGTAAATAGTGAAAATCATTTTTGG,0.3076923076923077
NotSequenced,1185,NotSequenced,NotSequenced,NotSequenced,NotSequenced,CACGGAACGATGAAAGGACTTGGAGC,0.5384615384615384
NotSequenced,1322,NotSequenced,NotSequenced,NotSequenced,NotSequenced,TTGTCAATACTTAACATAGTTTTATA,0.19230769230769232
NotSequenced,1379,NotSequenced,NotSequenced,NotSequenced,NotSequenced,TAATCAATACATAATGCATTTAAGAC,0.23076923076923078
NotSequenced,1488,NotSequenced,NotSequenced,NotSequenced,NotSequenced,TGCCCAATGCTTAATTCGATTATGGT,0.38461538461538464
,1564,Diploid,Diploid,Diploid,Diploid,TTTTTAAACTTTAACCAGCTTAGCCG,0.34615384615384615
RIF1-upstream_indel_variant,1617,PKA,PDE2,Haploid,frameshift_variant,GGGGCAAGTGGGAAGAGGGTTGGGGA,0.6538461538461539
nan-nan,1641,other,other,other,other,AATTTAAACTGTAAGCCGCTTGGTTT,0.34615384615384615
SDH3-upstream_point_variant; MFM1-missense_variant; YIL169C-frameshift_variant,1683,other,other,other,other,AGTTCAAGTTGCAAGGGGTTTACCCG,0.5
,1866,PKA,PDE2,Haploid,stop_gained,TCGTGAACACCAAACCCTGTTCTTTA,0.4230769230769231
,2037,Diploid,Diploid,Diploid,Diploid,GACCCAAAATGTAAGCACGTTGTGTA,0.4230769230769231
ACF2-missense_variant,2039,Adaptive Diploid,Diploid + IRA2,Diploid,frameshift_variant,CATTCAAGCCTCAATTTACTTAGATT,0.3076923076923077
TAF9-upstream_point_variant; SHE3-missense_variant; APE3-synonymous_variant,2288,PKA,GPB2,Haploid,stop_gained,TACGTAAAAAAAAATGTGTTTAGTAT,0.19230769230769232
SEC5-missense_variant,2468,PKA,IRA2,Haploid,missense_variant,CTTTTAACCGGGAAAATTGTTTCATG,0.34615384615384615
OSH2-missense_variant,2608,PKA,GPB1,Haploid,frameshift_variant,CGCTGAATCAAAAAACTGGTTGTGGT,0.4230769230769231
DUS1-missense_variant,2768,PKA,GPB2,Haploid,stop_gained,AGGTAAAACTGCAAGCCATTTAGTAC,0.38461538461538464
SWH1-missense_variant,2776,Diploid,Diploid,Diploid,Diploid,CGCAAAAACCTGAAAACCTTTTTTCA,0.34615384615384615
CDC39-missense_variant,2808,Diploid,Diploid,Diploid,Diploid,CGTGAAAACTGTAAGCGAGTTGCGAA,0.46153846153846156
NotSequenced,3160,NotSequenced,NotSequenced,NotSequenced,NotSequenced,GGGAGAAGTACAAGGTATTTATGATA,0.34615384615384615
NotSequenced,3250,NotSequenced,NotSequenced,NotSequenced,NotSequenced,TTGCCAAACTTTAAGAGAATTAGGAC,0.34615384615384615
NotSequenced,3298,NotSequenced,NotSequenced,NotSequenced,NotSequenced,ATATTAAAGCAAAACTGTTTTGCAAG,0.2692307692307692
DTR1-stop_gained,3379,Diploid,Diploid,Diploid,Diploid,ACATGAATAGGAAACGGGGTTGATTT,0.38461538461538464
YLR157W-D-frameshift_variant,3406,PKA,IRA2,Haploid,missense_variant,TCCACAAGCGGAAAGTTGCTTACGGC,0.5384615384615384
,3481,PKA,IRA2,Haploid,missense_variant,GTTCCAATAGCTAATCTATTTACTTT,0.2692307692307692
,3577,Adaptive Diploid,Diploid + IRA2,Diploid,missense_variant,ACATCAATCAATAAGTCTTTTTGTTC,0.2692307692307692
,3585,Diploid,Diploid,Diploid,Diploid,GGTGTAACCTTTAAGGAGCTTGGGTG,0.5
PHR1-missense_variant; POP1-missense_variant,3675,PKA,IRA1,Haploid,missense_variant,CAGGCAAGAGTGAAGGGCCTTGGTGC,0.6153846153846154
NotSequenced,3730,NotSequenced,NotSequenced,NotSequenced,NotSequenced,AACTAAACAAGTAAAGGCTTTGGTGT,0.34615384615384615
,3920,Diploid,Diploid,Diploid,Diploid,CTTCTAAAAAGCAAAAGGTTTTCTTG,0.3076923076923077
YIL161W-upstream_indel_variant; MAL31-missense_variant,4418,Diploid,Diploid,Diploid,Diploid,AACTTAACATGCAAATACTTTTTCCA,0.2692307692307692
YPL205C-frameshift_variant; TPO2-missense_variant; GAD1-upstream_point_variant,4691,Diploid,Diploid,Diploid,Diploid,CTGGGAAAACGTAAGTACGTTTCGAA,0.4230769230769231
tL(CAA)G3-upstream_point_variant,4791,Diploid,Diploid,Diploid,Diploid,AATAAAAGACCAAAAGTCCTTGTCCG,0.38461538461538464
,4949,PKA,IRA1,Haploid,missense_variant,CGAGCAAGCCGGAAGAGTCTTGCGAC,0.6153846153846154
,5564,Adaptive Diploid,Diploid + IRA2,Diploid,stop_gained,ACTCGAAGCTCCAACTAAATTCTATA,0.34615384615384615
NotSequenced,5654,NotSequenced,NotSequenced,NotSequenced,NotSequenced,AATTCAAAAAGCAACTATGTTCAACC,0.3076923076923077
MIA40-upstream_point_variant,5804,PKA,PDE2,Haploid,frameshift_variant,TAACTAATTAGGAAAAATCTTTATAT,0.15384615384615385
NotSequenced,6002,NotSequenced,NotSequenced,NotSequenced,NotSequenced,TAAAGAATTGCAAAAGAATTTACACG,0.2692307692307692
YMR010W-stop_gained; YGR125W-missense_variant,6174,PKA,IRA1,Haploid,frameshift_variant,CTTGTAACTGTTAATTTAATTGCCCG,0.34615384615384615
,6271,PKA,PDE2,Haploid,stop_gained,TAATGAACGTCTAATAAAGTTTAAGT,0.23076923076923078
SYH1-synonymous_variant; YDL144C-synonymous_variant,6391,Adaptive Diploid,Diploid + Chr11Amp,Diploid,Diploid + Chr11Amp,CCTGCAAAAATCAATTTTATTGATTT,0.23076923076923078
,6582,PKA,IRA2,Haploid,missense_variant,CACCAAACTCCAAAACAGTTTTCTGT,0.38461538461538464
NotSequenced,6672,NotSequenced,NotSequenced,NotSequenced,NotSequenced,ACGCTAACTAGCAACATGATTTTGTA,0.34615384615384615
,6814,Diploid,Diploid,Diploid,Diploid,CGCCTAATCAGGAAAGCAATTCCAAT,0.4230769230769231
NotSequenced,7269,NotSequenced,NotSequenced,NotSequenced,NotSequenced,ACGACAAAAGATAATAAAGTTATCTT,0.23076923076923078
"IMP4-missense_variant; YER156C,COG3-upstream_indel_variant",7291,other,other,other,other,GTTTCAAAGGGGAAGCCAGTTTAATG,0.4230769230769231
HEL1-missense_variant; MSS116-synonymous_variant,7375,Diploid,Diploid,Diploid,Diploid,TATATAATGCGAAAGCAGGTTGTTTT,0.3076923076923077
,7423,Diploid,Diploid,Diploid,Diploid,ACGAGAACATAGAAAGAAATTAGCAT,0.3076923076923077
SEC31-synonymous_variant; ERG1-missense_variant; THI3-stop_gained,7538,other,other,other,other,TCTCAAATATAAAAAAGTTTTTTAGC,0.19230769230769232
BEM2-missense_variant; YNR071C-missense_variant,7539,Diploid,Diploid,Diploid,Diploid,ATCTAAAGCTAGAATTATTTTGCATG,0.2692307692307692
NotSequenced,7619,NotSequenced,NotSequenced,NotSequenced,NotSequenced,GAATAAAACGTTAAGTCATTTGCGTA,0.3076923076923077
,7774,PKA,GPB2,Haploid,stop_gained,TCATGAACGGATAAGCTGGTTGGTTG,0.46153846153846156
TDH3-missense_variant; YLR257W-upstream_point_variant; HHT2-synonymous_variant,7799,PKA,GPB2,Haploid,missense_variant,TTGAAAAACCGTAATCTGTTTTTTAT,0.23076923076923078
ABP1-missense_variant,7836,PKA,IRA1,Haploid,stop_gained,GCATCAATATTGAAGGCATTTTTGAT,0.3076923076923077
nan-nan,7953,other,other,other,other,ATTACAACGCTCAACTAGGTTGGACC,0.46153846153846156
GRR1-synonymous_variant,7961,PKA,IRA1,Haploid,missense_variant,ATTTAAAGTTGGAAGGGAATTGAAGG,0.34615384615384615
MYO5-missense_variant,7994,PKA,PDE2,Haploid,missense_variant,GGCAGAACAGGGAAGGGTCTTTGGTA,0.5384615384615384
NotSequenced,8009,NotSequenced,NotSequenced,NotSequenced,NotSequenced,CTCATAACCCCTAACGGCTTTGGACA,0.5
,8297,PKA,CYR1,Haploid,missense_variant,AAGAGAAGAATTAATGATTTTATGAA,0.19230769230769232
SHC1-missense_variant; MRPL4-synonymous_variant,8459,Diploid,Diploid,Diploid,Diploid,TAAGGAATGTTGAACCGGGTTAGGCG,0.5
ATG32-upstream_indel_variant,8825,other,other,other,other,TATGAAAATTAAAAATGAATTCTCCG,0.23076923076923078
ACC1-synonymous_variant,9293,Diploid,Diploid,Diploid,Diploid,AAATCAATTAGAAATTATCTTCGAAG,0.23076923076923078
NotSequenced,9518,NotSequenced,NotSequenced,NotSequenced,NotSequenced,TTTTCAAAAATAAAGCGGCTTGAGGG,0.38461538461538464
HDA1-missense_variant,9589,Diploid,Diploid,Diploid,Diploid,CGAGCAACATGAAACTTGGTTTTCAG,0.4230769230769231
PSE1-missense_variant,9689,Diploid,Diploid,Diploid,Diploid,TCCCTAACTATGAAGCATTTTTCCAA,0.34615384615384615
HEL1-missense_variant,9864,PKA,IRA1,Haploid,stop_gained,AGACAAACTTATAAGACATTTCGAGT,0.3076923076923077
,9888,PKA,GPB2,Haploid,frameshift_variant,CCAAAAATAACTAAGTACATTTCAGG,0.3076923076923077
MET10-upstream_point_variant,10050,Diploid,Diploid,Diploid,Diploid,TCTTAAACTCTTAAGTCTGTTCATTC,0.3076923076923077
PKH1-missense_variant,10103,Adaptive Diploid,Diploid + IRA1,Diploid,missense_variant,AACCCAATAAAGAAACCTCTTGATCG,0.38461538461538464
nan-nan,10307,other,other,other,other,GATGTAATTGTCAACTGCGTTTGGAA,0.38461538461538464
,10316,Diploid,Diploid,Diploid,Diploid,TTAGTAATCGCGAAATTAGTTGTCTA,0.3076923076923077
NotSequenced,10623,NotSequenced,NotSequenced,NotSequenced,NotSequenced,CTCATAAACACGAAGTTGCTTCTGTT,0.38461538461538464
YTA7-missense_variant,10794,PKA,IRA1,Haploid,stop_gained,CTTATAATTATTAAAATCGTTGTCAA,0.19230769230769232
NotSequenced,10848,NotSequenced,NotSequenced,NotSequenced,NotSequenced,GACGTAAAAGAGAATTTTGTTGCGGC,0.4230769230769231
"SIR4-upstream_point_variant; MIM1,tS-upstream_indel_variant; tA,-upstream_indel_variant",10851,PKA,GPB2,Haploid,stop_gained,TTAGGAATACTCAATATATTTTTTGT,0.19230769230769232
NotSequenced,11056,NotSequenced,NotSequenced,NotSequenced,NotSequenced,TACCAAATAAGTAACGCTGTTATGAT,0.3076923076923077
NotSequenced,11222,NotSequenced,NotSequenced,NotSequenced,NotSequenced,CCTAAAATTATAAATTGTGTTGGACA,0.2692307692307692
SPO74-frameshift_variant; HPA2-missense_variant; SCW10-synonymous_variant,11430,PKA,RAS2,Haploid,missense_variant,CGGGAAAACGATAAGCTACTTTATGC,0.4230769230769231
PDC6-upstream_indel_variant,11456,Diploid,Diploid,Diploid,Diploid,TATATAACATCCAACACATTTACCCG,0.34615384615384615
,11586,Diploid,Diploid,Diploid,Diploid,TAGAAAAATTTTAAAAAATTTACCGG,0.19230769230769232
UFD4-missense_variant,11667,Diploid,Diploid,Diploid,Diploid,GCCATAACATCTAATCTCATTATCCA,0.34615384615384615
,11752,PKA,IRA1,Haploid,frameshift_variant,TTATAAATTTTGAACTCACTTGTTAC,0.23076923076923078
YFL034W-missense_variant,11933,PKA,GPB2,Haploid,frameshift_variant,TTCAAAATCATAAAGCAGTTTCAGGA,0.3076923076923077
MHP1-synonymous_variant,12090,Diploid,Diploid,Diploid,Diploid,TTCCTAATTATGAAATTAGTTTATAA,0.15384615384615385
,12752,Diploid,Diploid,Diploid,Diploid,AAAGTAAAACAAAAGACACTTCTGGG,0.34615384615384615
NotSequenced,12757,NotSequenced,NotSequenced,NotSequenced,NotSequenced,GGTACAAACCCAAACAATGTTCATAA,0.34615384615384615
NotSequenced,12785,NotSequenced,NotSequenced,NotSequenced,NotSequenced,GATACAAATCCCAACTGTTTACAAAA,0.3076923076923077
,13029,Diploid,Diploid,Diploid,Diploid,TGTGAAATGTTTAACCGGCTTGGAGA,0.4230769230769231
YER133W-A-missense_variant; FIG2-synonymous_variant; SSH1-upstream_indel_variant,13132,PKA,IRA1,Haploid,stop_gained,AATACAAGAGATAACAAGGTTCGCTG,0.38461538461538464
nan-nan,13183,other,other,other,other,ATTAAAATCACGAAGTCACTTTATGG,0.3076923076923077
,13852,Diploid,Diploid,Diploid,Diploid,TTGTGAATTGTAAAAAATGTTTTTCT,0.19230769230769232
KIP2-upstream_indel_variant,13872,Diploid,Diploid,Diploid,Diploid,ACTAGAAAGTCAAAAGAAATTGACCA,0.3076923076923077
YNL234W-frameshift_variant; KIN1-synonymous_variant,14160,Diploid,Diploid,Diploid,Diploid,TCTACAAACTTGAATACGTTTTTGTT,0.2692307692307692
,14280,PKA,GPB2,Haploid,frameshift_variant,TAAGAAACAATTAACAGGGTTTGGTA,0.3076923076923077
NotSequenced,14485,NotSequenced,NotSequenced,NotSequenced,NotSequenced,CCCGAAACTCGGAAGATTGTTATATA,0.38461538461538464
,14849,Diploid,Diploid,Diploid,Diploid,GGTGAAATTTTAAAGCCTCTTGAGGG,0.4230769230769231
NotSequenced,14888,NotSequenced,NotSequenced,NotSequenced,NotSequenced,CCGCGAAGGGGAAAGGGGGTTGGGGG,0.7307692307692307
EAF7-stop_gained,14915,Diploid,Diploid,Diploid,Diploid,TATGGAAAACAGAAGCATCTTAATGG,0.34615384615384615
PCD1-synonymous_variant; YDL026W-upstream_point_variant,15221,PKA,IRA1,Haploid,missense_variant,CAACAAAAACCAAAACCTTTTTCGTT,0.3076923076923077
YEL043W-missense_variant; MSK1-upstream_indel_variant; YGL036W-missense_variant,15232,PKA,IRA1,Haploid,frameshift_variant,TCGAAAATCAGGAAACGGTTTAGGGT,0.4230769230769231
VPS3-synonymous_variant,15337,Diploid,Diploid,Diploid,Diploid,AACAAAAGAAATAAGGTGGTTGGCAT,0.34615384615384615
"tW,HIP1-upstream_indel_variant; YOL159C-missense_variant; UTP20-missense_variant; DED81-missense_variant",15787,PKA,PDE2,Haploid,missense_variant,TATAGAACAATGAAGCGAGTTCACTC,0.38461538461538464
NotSequenced,15922,NotSequenced,NotSequenced,NotSequenced,NotSequenced,ATAAAATTTGAACTCACTTGTTACAT,0.23076923076923078
NotSequenced,16720,NotSequenced,NotSequenced,NotSequenced,NotSequenced,TCTCAAAATTTCAATCAGCTTGGCGT,0.38461538461538464
NotSequenced,16835,NotSequenced,NotSequenced,NotSequenced,NotSequenced,AAGGAAATAGTCAACGCTTTTTCGTT,0.34615384615384615
LCP5-upstream_indel_variant; PTC3-synonymous_variant; TPS2-missense_variant,17499,other,other,other,other,ACTAAAAAACATAATGGTTTTATTAT,0.15384615384615385
NotSequenced,17615,ExpNeutral,NotSequenced,NotSequenced,NotSequenced,TTTTAAACTACGAAACTTGTTAGTCT,0.2692307692307692
,17691,PKA,GPB2,Haploid,stop_gained,GGGTCAACGACTAAGTGTCTTCCCCA,0.5384615384615384
YLR177W-missense_variant; TUL1-synonymous_variant; RNH202-stop_gained; PGM1-upstream_point_variant,17927,PKA,IRA2,Haploid,frameshift_variant,ACTGGAAGACATAAGCTTATTACAGC,0.38461538461538464
KTI12-missense_variant,18152,other,other,other,other,AGCAAAATAGTAAATCGGTTTCCTTA,0.3076923076923077
HXT8-synonymous_variant; SSD1-missense_variant,18200,PKA,IRA2,Haploid,missense_variant,TGAACAACGCGCAAGATGTTTGTGCG,0.5
,18352,Diploid,Diploid,Diploid,Diploid,CAAGAAAGACATAACTTCGTTGCTTT,0.34615384615384615
FKS1-synonymous_variant; GEP4-upstream_indel_variant,18420,PKA,IRA1,Haploid,frameshift_variant,CATCGAAACACTAAATATTTTAGCTC,0.3076923076923077
NotSequenced,18501,NotSequenced,NotSequenced,NotSequenced,NotSequenced,TCCTGAAACTTAAACTCACTTTAGGA,0.34615384615384615
,18860,Diploid,Diploid,Diploid,Diploid,AGTTCAAGGAATAAAGGTGTTTCTGG,0.38461538461538464
"TRT2,CBT1-upstream_indel_variant; PAU19-inframe_insertion",18950,Diploid,Diploid,Diploid,Diploid,ACCCGAATACAGAAGAAGGTTGTAAA,0.38461538461538464
RPO21-missense_variant,19184,PKA,PDE2,Haploid,frameshift_variant,TCGCCAACAATTAACTCGATTACGGC,0.46153846153846156
RGA1-synonymous_variant,19219,Diploid,Diploid,Diploid,Diploid,ACCAGAATGTGAATGTCTTTCGAATA,0.34615384615384615
DBP1-missense_variant,19296,PKA,IRA1,Haploid,missense_variant,CCGTTAAGACGAAACAGCCTTGTCAA,0.46153846153846156
,19297,Diploid,Diploid,Diploid,Diploid,GACAAAATAATGAAGTAAATTCGTGG,0.3076923076923077
NotSequenced,19379,NotSequenced,NotSequenced,NotSequenced,NotSequenced,AGATCAAACTACAATGTAATTGGGCA,0.34615384615384615
"tV,YKL068W-A-upstream_indel_variant",19407,PKA,GPB2,Haploid,frameshift_variant,AAAATAACGATTAAACCTCTTGGTAG,0.3076923076923077
"YLR162W-upstream_point_variant; RDN5-6-non_coding_transcript_exon_variant,non_coding_transcript_variant",19697,Diploid,Diploid,Diploid,Diploid,GCATTAACAGTAAAGAGCGTTGTGGC,0.46153846153846156
SWI6-missense_variant; SRL1-synonymous_variant; MSK1-upstream_indel_variant; MRS6-missense_variant,19707,Diploid,Diploid,Diploid,Diploid,TTCACAACATTTAATTGTGTTTTCAA,0.23076923076923078
STE23-missense_variant; RRP5-upstream_point_variant,19795,Diploid,Diploid,Diploid,Diploid,GAACTAATATTAAATGATTTTCATAA,0.15384615384615385
tQ(UUG)C-upstream_indel_variant,19894,other,other,other,other,TCACCAATAAGGAAAATTTTTTGCAC,0.3076923076923077
PEX17-missense_variant,20083,Diploid,Diploid,Diploid,Diploid,AAGGGAAAGTATAATAGTTTTCCCAG,0.34615384615384615
NotSequenced,20231,NotSequenced,NotSequenced,NotSequenced,NotSequenced,TCACTAAGAAGGAAGTCATTATTACA,0.3076923076923077
APM2-upstream_indel_variant,20464,Diploid,Diploid,Diploid,Diploid,AATATAACATGCAATATGTTTCATCA,0.23076923076923078
NotSequenced,20596,NotSequenced,NotSequenced,NotSequenced,NotSequenced,GTCCTAATCAGCAAAAAGTTTGATTC,0.34615384615384615
"YAR023C,SUP56-upstream_indel_variant",20632,other,other,other,other,AAATTAAGAACGAAGCGAGTTTTATG,0.3076923076923077
RER2-missense_variant,20873,PKA,IRA1,Haploid,missense_variant,CAGTAAACTCTAAATCGCATTAAAGT,0.3076923076923077
,20967,PKA,PDE2,Haploid,stop_gained,TAGCGAAAGTGAAAAACTGTTAAGCA,0.34615384615384615
NotSequenced,21354,NotSequenced,NotSequenced,NotSequenced,NotSequenced,CAAGAAATATCTAACGATCTTTATGC,0.3076923076923077
,21440,Diploid,Diploid,Diploid,Diploid,CATCAAAGAAGAAAGTCTATTTCTTC,0.3076923076923077
NotSequenced,21529,NotSequenced,NotSequenced,NotSequenced,NotSequenced,TACTAAACAGACAAAAAGATTACAAA,0.23076923076923078
,21543,PKA,TOR1,Haploid,missense_variant,TAGACAAAATGCAATTGTATTGTCAG,0.3076923076923077
,21625,Diploid,Diploid,Diploid,Diploid,CCCGCAAGATCCAACACGATTCGAGG,0.5769230769230769
MLH1-missense_variant,21956,PKA,IRA2,Haploid,missense_variant,AATGCAATTCTGAAGGCTTTTAGAGG,0.38461538461538464
HAP1-upstream_point_variant; SIS1-missense_variant; RPL19B-upstream_point_variant,21967,PKA,IRA1,Haploid,stop_gained,AGAGTAATCTGCAAGATTCTTTTTCT,0.3076923076923077
,22011,Diploid,Diploid,Diploid,Diploid,TACTTAATACAGAATGTACTTGGATA,0.2692307692307692
NotSequenced,22162,NotSequenced,NotSequenced,NotSequenced,NotSequenced,CCGTTAATTTTAAACTTGCTTTTTTT,0.23076923076923078
YMR018W-upstream_indel_variant,22360,Diploid,Diploid,Diploid,Diploid,TTAGTAAGTTCTAATCGAGTTTCGCT,0.34615384615384615
NotSequenced,22372,NotSequenced,NotSequenced,NotSequenced,NotSequenced,CCATAAATTAGAAAGCACCTTTACGA,0.34615384615384615
ALE1-missense_variant,22469,Diploid,Diploid,Diploid,Diploid,GAAACAACTTTTAACCGGATTGAGTT,0.34615384615384615
NotSequenced,22669,NotSequenced,NotSequenced,NotSequenced,NotSequenced,ACAGAAAAGGGGAAAACGGTTGGGAG,0.5
NotSequenced,22713,NotSequenced,NotSequenced,NotSequenced,NotSequenced,CGCAGAACGAGGAACTCTCTTGAGGC,0.5769230769230769
YRR1-upstream_point_variant; ASG1-stop_gained; FYV10-upstream_indel_variant,23065,Diploid,Diploid,Diploid,Diploid,TTGTTAAAACTTCAATGGTGTTTGCA,0.3076923076923077
,23688,PKA,GPB2,Haploid,stop_gained,TTAGAAAAAAAAAACTTCGTTGGATT,0.23076923076923078
NotSequenced,23712,NotSequenced,NotSequenced,NotSequenced,NotSequenced,TAATCAATACATAATGCATTAAGACA,0.23076923076923078
YNR062C-synonymous_variant,23868,PKA,IRA1,Haploid,stop_gained,GTCTTAATTGGAAACGCAATTGAAAC,0.34615384615384615
NotSequenced,23882,NotSequenced,NotSequenced,NotSequenced,NotSequenced,AGTGAAAGCAAAAATAAGTTTTATTT,0.19230769230769232
nan-nan,24151,other,other,other,other,AACTTAACTTACAACCTTATTATTTT,0.19230769230769232
NotSequenced,24362,ExpNeutral,NotSequenced,NotSequenced,NotSequenced,ACATAAACTAGTAATTATATTTCTTG,0.19230769230769232
,24737,PKA,KOG1,Haploid,missense_variant,TTACCAACGGGTAAAGATCTTAACTT,0.34615384615384615
NotSequenced,24758,NotSequenced,NotSequenced,NotSequenced,NotSequenced,ACGCTAATACTGAATGGTGTTCCTTT,0.38461538461538464
LPL1-upstream_point_variant,24858,Diploid,Diploid,Diploid,Diploid,GTCATAACTAGAAATAAGTTTCGTAC,0.3076923076923077
,25531,PKA,IRA1,Haploid,stop_gained,GACCGAATCCAAAATATTATTATTAA,0.23076923076923078
PPE1-missense_variant; YOX1-synonymous_variant,25747,PKA,IRA2,Haploid,missense_variant,GCGCAAATAGTCAAGCTTGTTAAACT,0.38461538461538464
,25780,PKA,IRA1,Haploid,missense_variant,TTCTGAATTAGTAAGTTTCTTTGCAA,0.2692307692307692
,26106,Diploid,Diploid,Diploid,Diploid,CTGCGAAAGTGCAAGCACGTTTTTTC,0.46153846153846156
UBI4-frameshift_variant,26612,other,other,other,other,ACCCCAACAGTTAACGTGCTTGCAGC,0.5384615384615384
NotSequenced,26885,NotSequenced,NotSequenced,NotSequenced,NotSequenced,ATGTAAAGAACTAACAGTATTATTTT,0.19230769230769232
NotSequenced,27142,NotSequenced,NotSequenced,NotSequenced,NotSequenced,AGAAAAAGGTGGAATCGGTTGGCAGA,0.46153846153846156
,27346,Diploid,Diploid,Diploid,Diploid,GGACCAAGGGGTAAGGGCGTTGCAGC,0.6538461538461539
NUP157-missense_variant; YPR015C-missense_variant,27473,Adaptive Diploid,Diploid + Chr12Amp,Diploid,Diploid + Chr12Amp,CCTCTAATGTCCAACCGACTTTACGG,0.5
NotSequenced,27866,NotSequenced,NotSequenced,NotSequenced,NotSequenced,AAAGTAAGGCTTAACTATTTTCTATG,0.2692307692307692
,28533,Diploid,Diploid,Diploid,Diploid,TAGTTAATTTATAAAGCCTTTCACCA,0.2692307692307692
SRP101-synonymous_variant; YER138W-A-upstream_point_variant,28740,PKA,IRA1,Haploid,frameshift_variant,GACGCAAGTGTTAATAGGCTTGTTCA,0.4230769230769231
,28888,Diploid,Diploid,Diploid,Diploid,ATATTAATGGGGAACAGTGTTTAGAC,0.34615384615384615
NotSequenced,29261,NotSequenced,NotSequenced,NotSequenced,NotSequenced,TGAAAAATTCTCAAGGTAGTTCATAC,0.3076923076923077
nan-nan,29375,other,other,other,other,TATTAAAACCCGAACGTCATTTGTCA,0.34615384615384615
NotSequenced,29473,NotSequenced,NotSequenced,NotSequenced,NotSequenced,TACTCAACAATTAACAGCATTACGCA,0.34615384615384615
,29840,Diploid,Diploid,Diploid,Diploid,CTCCCAATGATGAATTTACTTGCCTT,0.38461538461538464
,30578,PKA,IRA1,Haploid,frameshift_variant,CTTCAAATAGAGAATTTTTTTGGGAT,0.2692307692307692
YBR027C-frameshift_variant,30769,Diploid,Diploid,Diploid,Diploid,CCATAAACCTAGAAGCACTTTCCGGG,0.5
SEN1-upstream_point_variant,30795,Diploid,Diploid,Diploid,Diploid,TACCAAACATTCAAATTGGTTGTCGG,0.38461538461538464
YOR032W-A-upstream_point_variant,31360,PKA,IRA1,Haploid,stop_gained,TCGGCAACAGATAAGCTTCTTAACTT,0.38461538461538464
"API2-upstream_point_variant; SRG1-non_coding_transcript_exon_variant,non_coding_transcript_variant; BOS1-missense_variant",31607,Diploid,Diploid,Diploid,Diploid,TGTCTAAATGGAAATGCAGTTTATTC,0.3076923076923077
,32075,Diploid,Diploid,Diploid,Diploid,TCATGAACTTCAAAGTTATTTAAGCA,0.2692307692307692
NotSequenced,32201,NotSequenced,NotSequenced,NotSequenced,NotSequenced,CCTAGAAACTGGAACGGATTTTACAC,0.4230769230769231
,32262,PKA,IRA2,Haploid,missense_variant,TCAAAAAAGAAAGCAGATTGGAATAT,0.2692307692307692
ECM29-missense_variant,32675,Diploid,Diploid,Diploid,Diploid,GCTGAAATGGCGAAGAGAGTTGTCGT,0.5
,32685,Diploid,Diploid,Diploid,Diploid,CACCCAATTCCGAAATACTTTGTCTC,0.4230769230769231
NotSequenced,33409,NotSequenced,NotSequenced,NotSequenced,NotSequenced,TTTAGAAGCGGCAATGAATTTGGCTC,0.4230769230769231
,33617,PKA,GPB2,Haploid,frameshift_variant,CGTATAATGGGAAAGGGGGTTTGGAT,0.46153846153846156
,33976,Diploid,Diploid,Diploid,Diploid,AGGGTAACTATTAAACTATTTTTCCA,0.2692307692307692
nan-nan,34189,other,other,other,other,ATTGTAACGAAGAACGTGCTTGTATT,0.34615384615384615
,34808,Diploid,Diploid,Diploid,Diploid,ATTAGAACTAGGAACTTCGTTAGACA,0.34615384615384615
,35898,Diploid,Diploid,Diploid,Diploid,CCAAGAAATTCTAAGCATCTTCACTC,0.38461538461538464
,37238,Diploid,Diploid,Diploid,Diploid,TTACGAATATCCAACTGATTTACCCG,0.38461538461538464
PTR3-synonymous_variant,37241,Diploid,Diploid,Diploid,Diploid,GTACAAAAGCTCAAGTGTTTTAATAG,0.3076923076923077
NotSequenced,38775,NotSequenced,NotSequenced,NotSequenced,NotSequenced,CTACAAAGAAACAAGGGGGTTCACGG,0.5
NotSequenced,38970,NotSequenced,NotSequenced,NotSequenced,NotSequenced,CAGTAAACTCTAATCGCATTAAAGTA,0.3076923076923077
RAD30-synonymous_variant,39066,other,other,other,other,GCACCAACGACGAAGCGCCTTGGGGT,0.6538461538461539
CDC11-upstream_indel_variant; SAC7-missense_variant; SIR4-missense_variant,39270,Diploid,Diploid,Diploid,Diploid,TGCGGAATATCAAACTCTCTTATTTG,0.34615384615384615
"RPO41-synonymous_variant; tA,-upstream_indel_variant",39633,other,other,other,other,ATTTCAAGGAAGAACAACCTTGTGCA,0.38461538461538464
RCF2-upstream_point_variant,39674,PKA,GPB1,Haploid,stop_gained,ATTAAAACGGGAAAGTGGCTTGAGTC,0.4230769230769231
,40409,PKA,IRA1,Haploid,frameshift_variant,TAACAAACGCATAAGATCCTTGTTAT,0.3076923076923077
,40779,Diploid,Diploid,Diploid,Diploid,TACCTAATACGTAAAACCATTCGGGG,0.4230769230769231
USO1-upstream_indel_variant,40865,Diploid,Diploid,Diploid,Diploid,AATTTAAACGACAATCCGATTATTAG,0.2692307692307692
,41484,Diploid,Diploid,Diploid,Diploid,GTTGCAAATGTTAAGAAATTTGTTTT,0.23076923076923078
ATG23-missense_variant,41601,other,other,other,other,CTTAAAAGTCGTAATTTGTTTACGTG,0.3076923076923077
NotSequenced,42040,ExpNeutral,NotSequenced,NotSequenced,NotSequenced,TTTTCAAGTCTCAACCTTATTACAGT,0.3076923076923077
,42331,PKA,IRA2,Haploid,stop_gained,TAAGCAATTAAGAAGACTGTTAGCCT,0.34615384615384615
ESC1-missense_variant,42575,Diploid,Diploid,Diploid,Diploid,AAAAAAATTACGAAAGCATTTAGTTA,0.19230769230769232
"YPL168W-missense_variant; YER135C,tV-upstream_indel_variant",43155,PKA,TFS1,Haploid,missense_variant,AGTCAAAGGTGAAATGCAGTTCCGGT,0.46153846153846156
YGL014C-A-upstream_indel_variant; PSY3-upstream_indel_variant,43361,PKA,IRA1,Haploid,missense_variant,CTTCCAACAAAAAATCATTTTTATAC,0.23076923076923078
,43483,PKA,IRA1,Haploid,frameshift_variant,CACGCAAGGAGAAATCACGTTTCGAG,0.5
,43692,PKA,CYR1,Haploid,missense_variant,CTCGAAACAGGAAAAGCACTTATCGA,0.4230769230769231
NotSequenced,44777,NotSequenced,NotSequenced,NotSequenced,NotSequenced,GTTAGAACCGTCAAATGCATTGGCTC,0.46153846153846156
SNR3-upstream_indel_variant; YBR285W-upstream_point_variant; SCW11-missense_variant,44905,Diploid,Diploid,Diploid,Diploid,TTGCCAATATTTAAGTCCTTTGGAGG,0.38461538461538464
NotSequenced,44966,NotSequenced,NotSequenced,NotSequenced,NotSequenced,CTATCAAATTTAAACATTTTTGTGGC,0.2692307692307692
NotSequenced,44971,NotSequenced,NotSequenced,NotSequenced,NotSequenced,CCAGAAACCAGCAATACTATTGTGCA,0.4230769230769231
SUP35-missense_variant; YOR283W-missense_variant,45031,other,other,other,other,TCTGAAACAGAAATAGTTTTAGGGCA,0.34615384615384615
SCO2-synonymous_variant,45512,other,other,other,other,ACCACAAATTGGAAAAGAATTGACCA,0.34615384615384615
NotSequenced,45865,NotSequenced,NotSequenced,NotSequenced,NotSequenced,GATCTAATAGCGAACGAAGTTCTTAA,0.34615384615384615
NotSequenced,46200,NotSequenced,NotSequenced,NotSequenced,NotSequenced,ATCGGAATCGTAAAATGAGTTAGATG,0.34615384615384615
,46313,Diploid,Diploid,Diploid,Diploid,GACAAAATAGTGAAGTTCTTTGAGGT,0.34615384615384615
NotSequenced,46892,NotSequenced,NotSequenced,NotSequenced,NotSequenced,AGTAGAAATGGAAACCTAATTAAAAC,0.2692307692307692
DNF3-missense_variant,46938,Diploid,Diploid,Diploid,Diploid,ACGGCAAGGCGGAACGCGTTTGCAGT,0.6153846153846154
,47877,Diploid,Diploid,Diploid,Diploid,CGCACAATATACAATCTCATTTTATT,0.2692307692307692
NotSequenced,48822,NotSequenced,NotSequenced,NotSequenced,NotSequenced,ATGTAAACGTGAAATGCAATTTTGAG,0.3076923076923077
NotSequenced,48904,NotSequenced,NotSequenced,NotSequenced,NotSequenced,GGGTCAACATAGAAAACGCTTTTGAT,0.38461538461538464
nan-nan,49174,other,other,other,other,TTCTCAATTGTAAATGTCATTACTCA,0.2692307692307692
NotSequenced,50212,NotSequenced,NotSequenced,NotSequenced,NotSequenced,TCTTTAAAACCCAATAAGATTGCTCT,0.3076923076923077
,50232,Diploid,Diploid,Diploid,Diploid,GATACAACTAAGAAGACGTTTCGCTC,0.4230769230769231
PDC2-missense_variant; FHN1-upstream_point_variant,50286,Diploid,Diploid,Diploid,Diploid,ACATCAATTTGGAAGGACTTTGTTCT,0.34615384615384615
,50878,Diploid,Diploid,Diploid,Diploid,ATGACAATTGTTAAATAAATTGGTTC,0.23076923076923078
NotSequenced,50880,NotSequenced,NotSequenced,NotSequenced,NotSequenced,TGAGTAATCCTCAAATTGCTTTATCA,0.3076923076923077
,51200,Diploid,Diploid,Diploid,Diploid,GTGAAAAACTTAAACTAGTTTCACAA,0.2692307692307692
NotSequenced,51455,NotSequenced,NotSequenced,NotSequenced,NotSequenced,CCGGGAAATGAGAAGTGTTTTAACTG,0.4230769230769231
VMA6-upstream_point_variant; DSD1-missense_variant,52221,Diploid,Diploid,Diploid,Diploid,CTAATAAACTCTAATTCCCTTTGTAG,0.3076923076923077
DTD1-upstream_point_variant,52560,Diploid,Diploid,Diploid,Diploid,ATTGGAAGCTTCAAACTTGTTCCGAA,0.38461538461538464
ATG17-upstream_point_variant,53054,other,other,other,other,ATCCTAATAGTAAATGGGTTTATCAA,0.2692307692307692
NotSequenced,53230,NotSequenced,NotSequenced,NotSequenced,NotSequenced,AGAGCAAGAAAAAAGACTCTTAGTGC,0.38461538461538464
YAP1802-upstream_point_variant; FIR1-missense_variant,54461,other,other,other,other,CCGCGAAAATGTAACCCCTTTTGACA,0.46153846153846156
,55340,Diploid,Diploid,Diploid,Diploid,GTCACAACTGACAAGGGCATTATGCG,0.5
,55577,Diploid,Diploid,Diploid,Diploid,TTTACAACACATAATATTATTATGTA,0.15384615384615385
,55847,Diploid,Diploid,Diploid,Diploid,ACGCTAATTCGCAACTCTGTTTCGAA,0.4230769230769231
NotSequenced,56993,NotSequenced,NotSequenced,NotSequenced,NotSequenced,CATACAACCCTCAACAGGATTCATGA,0.4230769230769231
,57117,PKA,IRA1,Haploid,stop_gained,GCTTAAAATGTCAAAGCTGTTGGGAT,0.38461538461538464
,57408,Diploid,Diploid,Diploid,Diploid,GTCTAACGTGTAATTTTTTTAGCGAA,0.3076923076923077
NotSequenced,57887,NotSequenced,NotSequenced,NotSequenced,NotSequenced,GTTCAAAATCTTAATAACATTTTTTC,0.19230769230769232
nan-nan,58107,other,other,other,other,ACAAAAAGTTGCAAGAAGGTTCTGTC,0.38461538461538464
,58189,Diploid,Diploid,Diploid,Diploid,GGTCAAATCGTAAATTCCATTTTCGG,0.38461538461538464
NFI1-synonymous_variant,58400,Diploid,Diploid,Diploid,Diploid,GACCGAATGTAAAAAACAGTTCAGAG,0.38461538461538464
NotSequenced,59345,NotSequenced,NotSequenced,NotSequenced,NotSequenced,TGCTCAACCGCAAATCAAGTTTTACC,0.4230769230769231
SNF2-synonymous_variant,59822,Diploid,Diploid,Diploid,Diploid,TAGCAAATGGACAAATAACTTGATTC,0.3076923076923077
NAM9-upstream_point_variant; ERG1-missense_variant,59999,Diploid,Diploid,Diploid,Diploid,GATGCAAGGCGTAAGCATCTTATTAT,0.38461538461538464
"tQ,-upstream_indel_variant; YMR295C-upstream_point_variant",60333,other,other,other,other,TAGGAAAGGAGTAAACTGATTGAAGA,0.34615384615384615
nan-nan,60549,other,other,other,other,AATCTAATCATGAAAACATTTGCCCG,0.34615384615384615
SSK2-stop_gained,60700,other,other,other,other,GCATCAATCGTGAAAATGTTTGCGGG,0.46153846153846156
,60959,Diploid,Diploid,Diploid,Diploid,AAGGAAACGTAGAAAGACGTTAATAT,0.3076923076923077
,60973,Diploid,Diploid,Diploid,Diploid,CAGGCAAAGTGGAACCAGTTTTTTGC,0.46153846153846156
TRM13-upstream_point_variant,61570,Diploid,Diploid,Diploid,Diploid,ATGGAAAAGGCCAACTTTATTACGCT,0.38461538461538464
CDC34-synonymous_variant,62344,Diploid,Diploid,Diploid,Diploid,ACGCTAATAAGGAACACTTTTCAGAC,0.38461538461538464
ATH1-frameshift_variant; GIS1-upstream_indel_variant,62701,Diploid,Diploid,Diploid,Diploid,TGAATAAATGTTAATGGTTTACCAAA,0.23076923076923078
MET4-stop_gained,63215,PKA,GPB2,Haploid,stop_gained,TTTCAAATCGGGAAGAGCGTTGGCCG,0.5384615384615384
SKG6-missense_variant,63382,Diploid,Diploid,Diploid,Diploid,TTGCAAAAAATAAACAGCGTTTTTTT,0.23076923076923078
NotSequenced,63891,NotSequenced,NotSequenced,NotSequenced,NotSequenced,AAATTAACTGGGAACTAAATTAGATG,0.2692307692307692
NotSequenced,64115,NotSequenced,NotSequenced,NotSequenced,NotSequenced,TATGAAAATCGTAATCTGATTTAAAG,0.23076923076923078
"SEN1-missense_variant; tV,YKL068W-A-upstream_indel_variant",64731,other,other,other,other,TCTAGAAAGGTCAACAAGCTTGCGTA,0.4230769230769231
GUT2-missense_variant; tE(UUC)C-upstream_indel_variant,65196,Diploid,Diploid,Diploid,Diploid,ACAAGAATAATGAAAGGTATTGGTGC,0.34615384615384615
MSH3-synonymous_variant,65266,Diploid,Diploid,Diploid,Diploid,AGCGGAAACTTCAAGTGCGTTAGGGA,0.5
,65692,Diploid,Diploid,Diploid,Diploid,TCGCCAAATCATAAGGTTCTTAAGCC,0.4230769230769231
,65819,PKA,IRA1,Haploid,missense_variant,TGTCAAATTTCAAATAGATTCTTTCA,0.23076923076923078
NotSequenced,66652,NotSequenced,NotSequenced,NotSequenced,NotSequenced,CAACGAATTTGAAACAGTGTTTTGAG,0.34615384615384615
,67711,Diploid,Diploid,Diploid,Diploid,ACGAGAAATGGAAAACGGTTTCGAGT,0.4230769230769231
PRP5-upstream_point_variant,68197,Diploid,Diploid,Diploid,Diploid,CAACAAAGGAATAATGCCATTGTTGG,0.38461538461538464
,69575,Diploid,Diploid,Diploid,Diploid,TACCTAAGCAATAAGCTACTTACCGA,0.38461538461538464
NotSequenced,69928,NotSequenced,NotSequenced,NotSequenced,NotSequenced,TCAACAAATCGTAACAATGTTGCCGG,0.4230769230769231
"RPR1-non_coding_transcript_exon_variant,non_coding_transcript_variant",70033,other,other,other,other,ATTTCAACGACTAAAGGATTTGTTAG,0.3076923076923077
VRG4-upstream_indel_variant; FIT1-frameshift_variant,70408,other,other,other,other,AATTAAATATGCAAACTGCTTTGTGT,0.2692307692307692
tE(UUC)C-upstream_indel_variant; YIL071W-A-missense_variant; APM2-upstream_indel_variant,70433,PKA,PDE2,Haploid,frameshift_variant,TGAGAAAGCCCAAAGGTCATTTGGGC,0.5
PSY3-upstream_indel_variant; YLR345W-stop_gained,70812,Diploid,Diploid,Diploid,Diploid,TTAGTAAGATACAACATTTTTTCTTT,0.19230769230769232
UBP5-upstream_point_variant; SCL1-missense_variant,70982,Diploid,Diploid,Diploid,Diploid,AGTGAAATTTCCAAGTATGTTTTAGA,0.2692307692307692
,71109,Adaptive Diploid,Diploid + Chr11Amp,Diploid,Diploid + Chr11Amp,TACAGAATTCGCAAGCGTTTTGAAGA,0.38461538461538464
MGM101-missense_variant,71696,Diploid,Diploid,Diploid,Diploid,CTAGTAAAACGAAACCAAATTGTCGG,0.38461538461538464
PMC1-missense_variant,71751,Adaptive Diploid,Diploid + Chr11Amp,Diploid,Diploid + Chr11Amp,ATATTAATTTCAAAATATTTTCGTTG,0.15384615384615385
NotSequenced,71926,ExpNeutral,NotSequenced,NotSequenced,NotSequenced,TCAACAAAATATAATTCTCTTGCTAA,0.23076923076923078
MIG3-frameshift_variant; SEC8-missense_variant,72008,other,other,other,other,CCACAAAACAGCAAAAGTTTTTTCCA,0.34615384615384615
HSP42-upstream_point_variant,72395,other,other,other,other,TGGACAACGGACAACAAACTTGGATC,0.46153846153846156
,72591,Diploid,Diploid,Diploid,Diploid,GATGGAAGAGGTAAAAGTGTTATATT,0.3076923076923077
NotSequenced,72939,ExpNeutral,NotSequenced,NotSequenced,NotSequenced,ATGGTAATTAGCAAGGGCTTTTTGAG,0.38461538461538464
NotSequenced,73802,ExpNeutral,NotSequenced,NotSequenced,NotSequenced,TACCAAATAATAAAGAGGATTCCTGT,0.3076923076923077
NUT2-upstream_indel_variant; HXT2-missense_variant; tE(UUC)C-upstream_indel_variant,73881,Diploid,Diploid,Diploid,Diploid,CAGGAAATCGTAAAGGTTCTTAACTT,0.34615384615384615
TRM44-missense_variant; PSA1-upstream_point_variant,74033,Diploid,Diploid,Diploid,Diploid,CCACTAACAAGGAAAACATTTTTGGA,0.34615384615384615
"YRO2-upstream_point_variant; MZM1-missense_variant; SUF1,-upstream_indel_variant",74280,other,other,other,other,CAGCCAAGAGGCAACCACTTTTTTCG,0.5
SRB4-missense_variant,75144,Diploid,Diploid,Diploid,Diploid,TTTACAACCGTGAAATTGATTGGCGG,0.4230769230769231
,75669,PKA,GPB1,Haploid,stop_gained,TGAAAAATCTTTAAGACACTTTACTT,0.23076923076923078
SCC2-missense_variant; YPK9-synonymous_variant; EFM3-missense_variant,75841,Diploid,Diploid,Diploid,Diploid,AGAGGAAGCGTGAAGGGGGTTGGGTG,0.6153846153846154
,76616,Diploid,Diploid,Diploid,Diploid,GTTTAAACACGGAAGTGTATTTAAAA,0.2692307692307692
FUN12-missense_variant; RPL11B-upstream_indel_variant,77609,other,other,other,other,ATGCCAACTAATAAATCGTTTAAACT,0.2692307692307692
NotSequenced,77824,NotSequenced,NotSequenced,NotSequenced,NotSequenced,GAGGAAAAATGGAAAGGTTTTTAAAA,0.2692307692307692
GAL1-synonymous_variant; ATG32-upstream_indel_variant; SIR4-missense_variant,78232,Diploid,Diploid,Diploid,Diploid,TAATCAAACACAAAGACAATTGGCGT,0.34615384615384615
FAR3-frameshift_variant; PFK27-upstream_point_variant; GUP1-upstream_point_variant; TRK2-missense_variant; YNL033W-upstream_point_variant,78573,Diploid,Diploid,Diploid,Diploid,GGTGAAAGCTTGAACCGCATTTTGCT,0.46153846153846156
DON1-missense_variant; SPO1-frameshift_variant; RAD16-missense_variant,79953,other,other,other,other,ATCACAATGGATAACAAGATTTTGCA,0.3076923076923077
RBG1-missense_variant; NAR1-missense_variant,81798,Diploid,Diploid,Diploid,Diploid,TATTTAAACAATAATAGGTTTTCGTA,0.19230769230769232
VPS36-upstream_indel_variant,82806,Diploid,Diploid,Diploid,Diploid,ATTGCAAATAATAACTTAGTTACAAG,0.23076923076923078
NotSequenced,83255,NotSequenced,NotSequenced,NotSequenced,NotSequenced,TTTACAACTATCAACATCTTTCTTAA,0.23076923076923078
,83504,Diploid,Diploid,Diploid,Diploid,TACTGAACCAGTAAAGAATTTGACCT,0.34615384615384615
,83967,Diploid,Diploid,Diploid,Diploid,TTACGAAGTTCGAAATCAGTTCGAAG,0.38461538461538464
,84597,Diploid,Diploid,Diploid,Diploid,TAATGAATTGCGAAATAGGTTACTCG,0.34615384615384615
nan-nan,84997,other,other,other,other,ATCATAATCAGAAATTGAATTAACGT,0.23076923076923078
NotSequenced,85702,NotSequenced,NotSequenced,NotSequenced,NotSequenced,AGAGGAAGCTGGAAAAGAATTTGAGC,0.4230769230769231
,85751,Diploid,Diploid,Diploid,Diploid,TGCTCAATCTTCAAGTCTTTTGTTAG,0.34615384615384615
ZRG17-missense_variant; UTR2-upstream_point_variant; RSN1-frameshift_variant,87689,Diploid,Diploid,Diploid,Diploid,GTGTTAATTGAAAAGGAGATTGTGGG,0.38461538461538464
SLX5-frameshift_variant; NCL1-upstream_point_variant,88494,other,other,other,other,CGGACAATTCGGAATGGATTTCTGGA,0.46153846153846156
BRR2-missense_variant; GDE1-missense_variant; GIS1-upstream_indel_variant,88706,Diploid,Diploid,Diploid,Diploid,AGACAAAATTGAAATCACCTTTCTTT,0.2692307692307692
,89848,Diploid,Diploid,Diploid,Diploid,GTCGAAATTAGCAACTGTTTTGTTTT,0.3076923076923077
SLX1-missense_variant,90003,Diploid,Diploid,Diploid,Diploid,TGTGCAAAAAGGAATGGACTTGTGAA,0.38461538461538464
NotSequenced,90234,NotSequenced,NotSequenced,NotSequenced,NotSequenced,CTACGAATGAGGAAAGCTTTTTATTG,0.34615384615384615
,91807,Diploid,Diploid,Diploid,Diploid,TTAAGAACGAGCAATCACGTTTGTGA,0.38461538461538464
NotSequenced,93581,NotSequenced,NotSequenced,NotSequenced,NotSequenced,CAAAAAAGTAAATCGGTTTCCTTAAT,0.2692307692307692
NotSequenced,94393,NotSequenced,NotSequenced,NotSequenced,NotSequenced,CACAAAAAGCCTAAGGGGGTTGAGAC,0.5
NotSequenced,96078,NotSequenced,NotSequenced,NotSequenced,NotSequenced,ATCATAATAACAAACTTACTTCATCC,0.2692307692307692
nan-nan,99005,other,other,other,other,ATTGGAACTCAGAAGCGGGTTAGGCA,0.5
,99035,Diploid,Diploid,Diploid,Diploid,GTTCCAATACCAAAGCTTCTTGGTGG,0.46153846153846156
NotSequenced,100501,NotSequenced,NotSequenced,NotSequenced,NotSequenced,AATCAAATTTAGAAGCCTATTGAGCT,0.3076923076923077
MUP1-missense_variant,100895,Diploid,Diploid,Diploid,Diploid,TGCGGAATAGGAAAATGTTTTGGCTG,0.4230769230769231
,101051,Diploid,Diploid,Diploid,Diploid,CTCTAAACCAAGAAGTATATTACATT,0.2692307692307692
,101506,Diploid,Diploid,Diploid,Diploid,CTCAAAACGACCAAATATTTTCTTAA,0.2692307692307692
NotSequenced,104216,NotSequenced,NotSequenced,NotSequenced,NotSequenced,TCGTAAAGCATTAAATGATTTGTTGT,0.2692307692307692
TPT1-missense_variant,104261,Diploid,Diploid,Diploid,Diploid,TGCAAAACTTTTAAGTCTTTTGGGAA,0.3076923076923077
TMN2-missense_variant,104349,other,other,other,other,TGAAAAAGGTAAAAAGAGTTTTACAT,0.23076923076923078
nan-nan,105497,other,other,other,other,ATGGGAAATCCAAAATGTCTTGAAGG,0.38461538461538464
NotSequenced,106257,NotSequenced,NotSequenced,NotSequenced,NotSequenced,ATAAAAAATTAATTTCATTTGTTAAT,0.07692307692307693
YGR164W-frameshift_variant,107286,other,other,other,other,TAAACAAGGCATAAGAAGTTTGCTTA,0.3076923076923077
YHR145C-frameshift_variant,107751,other,other,other,other,TAATCAACAGCCAACAGGGTTGCGGC,0.5384615384615384
NotSequenced,107859,NotSequenced,NotSequenced,NotSequenced,NotSequenced,TGAAGAATGATGAATCCGGTTTCTAC,0.38461538461538464
nan-nan,107971,other,other,other,other,CTGAGAACTTGCAAACATGTTGTATA,0.34615384615384615
NotSequenced,109476,ExpNeutral,NotSequenced,NotSequenced,NotSequenced,TGTCGAAAGATAAAGAGGGTTGTGGA,0.4230769230769231
YKR104W-synonymous_variant,110443,Diploid,Diploid,Diploid,Diploid,ACATGAATTTATAATAGCATTGCCGA,0.3076923076923077
,111905,Diploid,Diploid,Diploid,Diploid,TTATAAAGCTTTAAGGATCTTTTTAA,0.19230769230769232
,112239,Diploid,Diploid,Diploid,Diploid,GACTAAAACATGAAGGAGGTTTCTGA,0.38461538461538464
MPC3-missense_variant,112427,other,other,other,other,AATCAAATGGGAAAAAAAGTTCGTAT,0.2692307692307692
,113468,Diploid,Diploid,Diploid,Diploid,AAGCGAATAAGTAAATGGATTTCTGG,0.34615384615384615
NotSequenced,113483,ExpNeutral,NotSequenced,NotSequenced,NotSequenced,ACAAGAAGTTGTAAAGGACTTTGGGG,0.4230769230769231
HBS1-missense_variant,113978,Diploid,Diploid,Diploid,Diploid,TACGCAATCCTAAAGGACCTTATATT,0.34615384615384615
NotSequenced,114268,NotSequenced,NotSequenced,NotSequenced,NotSequenced,AATCAAAAAACAAATTCTATTGCCGC,0.3076923076923077
"tE(CUC)I-non_coding_transcript_exon_variant,non_coding_transcript_variant; YKL177W-upstream_point_variant; CIN5-missense_variant",114628,Diploid,Diploid,Diploid,Diploid,CACGCAAATGCGAATGGTGTTGGTAG,0.5
TRM13-missense_variant; RDH54-frameshift_variant; ATG32-upstream_indel_variant; RRI2-upstream_point_variant; YOL118C-frameshift_variant,115150,Diploid,Diploid,Diploid,Diploid,ATTTTAACCGTGAAAGGTTTTAATGC,0.3076923076923077
,116916,Diploid,Diploid,Diploid,Diploid,GACCCAACTCGTAAGACGATTTAGGA,0.46153846153846156
TOS1-upstream_point_variant; YGR210C-missense_variant,117630,other,other,other,other,AGTGCAAGAGACAAGTGCCTTGCTAT,0.46153846153846156
IKI3-synonymous_variant; YNR063W-upstream_point_variant,117631,Diploid,Diploid,Diploid,Diploid,AATAAAACCGACAACCAGGTTGAGTC,0.4230769230769231
MDH2-upstream_point_variant,118509,Diploid,Diploid,Diploid,Diploid,CTAGAAATATGGAAACTTATTAACGA,0.2692307692307692
GLN4-synonymous_variant,118921,Diploid,Diploid,Diploid,Diploid,AAATTAATATCTAACACGTTTGGCAA,0.2692307692307692
nan-nan,119403,other,other,other,other,AGCAGAATACGCAACACCATTTCCTC,0.46153846153846156
nan-upstream_indel_variant,120600,ExpNeutral,other,other,other,TCGTAAACCGTAAAAGATGTTATAGT,0.3076923076923077
,120939,Diploid,Diploid,Diploid,Diploid,ACGGGAAGTACGAAGGTGTTTTGGGC,0.5384615384615384
FKS1-missense_variant; YPL257W-upstream_point_variant; SUP5-upstream_indel_variant,121650,other,other,other,other,AACGCAAATGTTAAAGAGTTTTTAAA,0.23076923076923078
NNF2-upstream_point_variant,121806,PKA,GPB2,Haploid,stop_gained,GGCTGAAGAGGAAAACAAATTGATAA,0.34615384615384615
UTP15-missense_variant,121915,Diploid,Diploid,Diploid,Diploid,TCTGCAATCACTAATCACATTATTTA,0.2692307692307692
YLR326W-missense_variant; YLR157W-D-frameshift_variant,122137,Diploid,Diploid,Diploid,Diploid,CCGTAAAAACAAAAGCAACTTATGCA,0.34615384615384615
YIL169C-missense_variant,122302,other,other,other,other,ATGGTAATTACCAACCGCGTTGATAT,0.38461538461538464
NotSequenced,124210,NotSequenced,NotSequenced,NotSequenced,NotSequenced,ACGTAAATTGTTAAATATGTTAGTTC,0.23076923076923078
NotSequenced,128188,NotSequenced,NotSequenced,NotSequenced,NotSequenced,CTTCAAAGCCCAAAGCACTTTGAATT,0.38461538461538464
RPS11B-intron_variant; FAR11-missense_variant,129569,Diploid,Diploid,Diploid,Diploid,GTCCAAAGGCAGAAACGTCTTTATCG,0.46153846153846156
ZEO1-synonymous_variant,132735,Diploid,Diploid,Diploid,Diploid,ACATTAATGGAAAAGTATTTTGAGCA,0.2692307692307692
PES4-frameshift_variant,132805,other,other,other,other,TCGCCAACGTCGAATTCCTTTTACAT,0.4230769230769231
NotSequenced,134179,NotSequenced,NotSequenced,NotSequenced,NotSequenced,TCGATAATAAGGAAATGAGTTATTTA,0.23076923076923078
NotSequenced,134852,ExpNeutral,NotSequenced,NotSequenced,NotSequenced,ATCTAAAGGTCCAAAAGTATTGTTAG,0.3076923076923077
NotSequenced,134867,NotSequenced,NotSequenced,NotSequenced,NotSequenced,TAATAAATGTGGAAGAGGGTTTGTCG,0.38461538461538464
YEL067C-upstream_point_variant,134904,Diploid,Diploid,Diploid,Diploid,AGCGGAAAAATAAAAACTGTTATCGA,0.3076923076923077
BEM2-stop_gained,135117,Diploid,Diploid,Diploid,Diploid,AGTCCAACGGATAATGTACTTGCTGC,0.46153846153846156
YBR027C-frameshift_variant,135215,Diploid,Diploid,Diploid,Diploid,TCCAAAACAACCAAGTGGTTTTGTGG,0.4230769230769231
SUP7-upstream_indel_variant,142054,other,other,other,other,CATCTAACCAGCAATCTACTTAGTCA,0.38461538461538464
NDC80-synonymous_variant,142144,Diploid,Diploid,Diploid,Diploid,TGGCTAACATATAAGGTCTTTGACTT,0.34615384615384615
ARR2-upstream_point_variant,142859,Diploid,Diploid,Diploid,Diploid,CATGTAAACGCTAATCTTATTAGATC,0.3076923076923077
FYV10-upstream_indel_variant,143026,other,other,other,other,ACACAAAAATTTAAAGCCTTTACCGG,0.34615384615384615
SSB2-synonymous_variant,143344,other,other,other,other,CATATAATTCAAAATATTTTTTTTAT,0.07692307692307693
,144535,Diploid,Diploid,Diploid,Diploid,TAGCCAAGTTTGAACATCATTTCGGA,0.38461538461538464
NotSequenced,144969,NotSequenced,NotSequenced,NotSequenced,NotSequenced,ATTATAACCATGAATGGCATTCACAA,0.3076923076923077
,145113,Diploid,Diploid,Diploid,Diploid,GGGGTAAATGTCAACTGGTTTTGGTA,0.4230769230769231
BMT2-upstream_point_variant; SEC61-missense_variant,147119,Diploid,Diploid,Diploid,Diploid,CAGTAAACAGATAAAACACTTCAATC,0.3076923076923077
,148821,Diploid,Diploid,Diploid,Diploid,CTAGCAAATCAAAAATAACTTAGTCA,0.2692307692307692
,149824,Diploid,Diploid,Diploid,Diploid,GTTCCAATGTTCAATTGTGTTACGGT,0.38461538461538464
NotSequenced,151158,NotSequenced,NotSequenced,NotSequenced,NotSequenced,CATCGAAACACTAATATTTTAGCTCA,0.3076923076923077
nan-nan,151541,other,other,other,other,CATAAAAACATTAACAGCTTTATAAA,0.19230769230769232
"tL(UAA)K-upstream_point_variant; tI,YLR232W-upstream_indel_variant",152081,Diploid,Diploid,Diploid,Diploid,TAAAAAAATCGCAAGAATTTTGCCTT,0.2692307692307692
WSC3-missense_variant,152501,Diploid,Diploid,Diploid,Diploid,AGACCAAATTAGAAAGGTGTTGTGGA,0.38461538461538464
NotSequenced,153016,NotSequenced,NotSequenced,NotSequenced,NotSequenced,AGCAAAATAGTAATCGGTTTCCTTAA,0.3076923076923077
,154660,Diploid,Diploid,Diploid,Diploid,CATACAACGATTAATGAATTTTTCTT,0.23076923076923078
"tI,YNL034W-upstream_indel_variant; PMT1-synonymous_variant",159038,Diploid,Diploid,Diploid,Diploid,CTAATAATTCGCAACCTCGTTTCGTG,0.4230769230769231
YKR012C-upstream_indel_variant; FRS2-upstream_point_variant; POM152-stop_gained,159633,Diploid,Diploid,Diploid,Diploid,TGTCTAAAAAGCAACTACTTTTGCAG,0.34615384615384615
YJL045W-missense_variant,161840,Diploid,Diploid,Diploid,Diploid,CATCTAACAGCTAACGAATTTTTGAT,0.3076923076923077
VPS13-missense_variant; SUF17-upstream_point_variant,163510,Diploid,Diploid,Diploid,Diploid,TCCTAAAGCTCTAATTCTCTTCTCGC,0.4230769230769231
MET32-upstream_point_variant,164130,Diploid,Diploid,Diploid,Diploid,TTCCTAAAGATGAATCCAATTGCGAC,0.38461538461538464
YEF3-missense_variant; YGR053C-upstream_point_variant; NCL1-upstream_point_variant; SFG1-missense_variant; tE(UUC)C-upstream_indel_variant,164627,other,other,other,other,TACCCAAGTCTGAAGGCACTTGATTT,0.4230769230769231
FAT3-missense_variant; TUB2-missense_variant,170554,Diploid,Diploid,Diploid,Diploid,ATATGAATCATCAATTAATTTCGCCT,0.2692307692307692
FRT1-missense_variant,170814,Diploid,Diploid,Diploid,Diploid,TTATAAAGAAGCAAGGCCCTTGGTCT,0.4230769230769231
CYC3-upstream_point_variant; PST2-upstream_point_variant,171083,other,other,other,other,ATCCCAAACTGGAACAGGGTTACAAT,0.4230769230769231
NotSequenced,175091,NotSequenced,NotSequenced,NotSequenced,NotSequenced,TTCTGAACGGTGAACCGCGTTAAAGT,0.46153846153846156
BRO1-stop_gained,176764,Diploid,Diploid,Diploid,Diploid,AGCCCAATCTCGAAGACAGTTTTTTG,0.4230769230769231
EAR1-missense_variant,178096,Diploid,Diploid,Diploid,Diploid,TTCACAACATGTAAGTCCTTTTCCGC,0.4230769230769231
TRM11-missense_variant,179100,PKA,PDE2,Haploid,frameshift_variant,GGTCCAACAGGGAACGGCATTAGCGT,0.5769230769230769
,179213,Diploid,Diploid,Diploid,Diploid,TCAACAACCCAGAAATGTTTTTATAA,0.2692307692307692
RPS25B-upstream_point_variant,180905,Diploid,Diploid,Diploid,Diploid,AACATAACTCTAAATGAGATTAAAAA,0.19230769230769232
NotSequenced,183570,NotSequenced,NotSequenced,NotSequenced,NotSequenced,CTCAAAATAGGGAAACCCTTTAGATG,0.38461538461538464
NotSequenced,187133,NotSequenced,NotSequenced,NotSequenced,NotSequenced,TACGTAAAAAAAATGTGTTTAGTATA,0.19230769230769232
,187691,Diploid,Diploid,Diploid,Diploid,TATAAAATCTAAAATTAATTTTTCCA,0.11538461538461539
,189102,Diploid,Diploid,Diploid,Diploid,CCGTCAAATCGTAACGTGCTTAAAGG,0.46153846153846156
,191298,PKA,IRA1,Haploid,upstream_point_variant,GCAGCAATTTGTAAAATCGTTGTACC,0.38461538461538464
NotSequenced,192852,NotSequenced,NotSequenced,NotSequenced,NotSequenced,GTATCAACAACCAAAGGGATTGGCGG,0.5
NotSequenced,193269,NotSequenced,NotSequenced,NotSequenced,NotSequenced,TGCCAAACCAATAACGGTTTTCCCAC,0.46153846153846156
,194622,Diploid,Diploid,Diploid,Diploid,TGGCCAATGTGTAATTTGTTTTAGTA,0.3076923076923077
RML2-upstream_point_variant; VRG4-upstream_indel_variant,195473,other,other,other,other,TCACAAATGAGAAACAGTCTTGCGCT,0.4230769230769231
RTT102-missense_variant; PBP1-missense_variant; HSX1-upstream_indel_variant,195887,other,other,other,other,GCACGAAACAATAATTTGTTTATTAC,0.2692307692307692
PSP1-synonymous_variant; YDR134C-upstream_indel_variant,197765,Diploid,Diploid,Diploid,Diploid,GGGCGAAGTCGCAAGGGCCTTAAGGG,0.6538461538461539
DSD1-missense_variant,198950,Diploid,Diploid,Diploid,Diploid,AGCCCAAGCCATAATCGTATTCCTAT,0.4230769230769231
,200512,Diploid,Diploid,Diploid,Diploid,GGTACAAACAGAAAAGGGCTTAAATT,0.34615384615384615
DOG1-upstream_point_variant; LOT5-upstream_point_variant,201777,Diploid,Diploid,Diploid,Diploid,TTAATAAACATCAAGCTGATTTTGGT,0.2692307692307692
NotSequenced,201919,NotSequenced,NotSequenced,NotSequenced,NotSequenced,CATGAAACTACTAAGTGGTTTAAGCG,0.38461538461538464
,202468,Diploid,Diploid,Diploid,Diploid,CTAATAATTTTGAAAGGGATTGCAAC,0.3076923076923077
nan-nan,205157,other,other,other,other,AAGTAAATAATAAAGGTTATTTCGCT,0.23076923076923078
,206713,Diploid,Diploid,Diploid,Diploid,AAACGAACATCCAAATCTCTTCCTGA,0.38461538461538464
YGR174W-A-upstream_point_variant; INP53-missense_variant,207058,Diploid,Diploid,Diploid,Diploid,AATCCAAAATGGAATTTTCTTTGCCC,0.34615384615384615
NotSequenced,207732,NotSequenced,NotSequenced,NotSequenced,NotSequenced,GTGACAAACCTGAATATGATTAGCGC,0.4230769230769231
CHS3-missense_variant,208465,other,other,other,other,GTTGTAATCTCGAAGAGATTTCTAGC,0.38461538461538464
NotSequenced,208839,NotSequenced,NotSequenced,NotSequenced,NotSequenced,TTCTGAATTAGTAAGTTCTTTGCAAA,0.2692307692307692
YLR419W-missense_variant,210734,Diploid,Diploid,Diploid,Diploid,ACAACAAAATACAAGGCTCTTGGTTT,0.34615384615384615
POP1-missense_variant; FUN19-frameshift_variant,211106,Diploid,Diploid,Diploid,Diploid,TTTGGAATCCACAATCTAGTTACGTC,0.38461538461538464
,214211,Diploid,Diploid,Diploid,Diploid,CATTCAAGCGCTAATGCATTTATATT,0.3076923076923077
NotSequenced,215309,NotSequenced,NotSequenced,NotSequenced,NotSequenced,TAAGGAAACGCGAACGACGTTGCTGC,0.5384615384615384
,215325,Diploid,Diploid,Diploid,Diploid,ATCCTAAATGTTAATTAGGTTACAAG,0.2692307692307692
"tL-upstream_indel_variant; HOM6-upstream_point_variant; DFM1-synonymous_variant; tA,MRPL3-upstream_indel_variant",217798,PKA,GPB1,Haploid,missense_variant,TTTACAATTCGTAACAGTATTTTGTG,0.2692307692307692
,225065,Diploid,Diploid,Diploid,Diploid,TACACAAATCATAACCGGTTTATCCC,0.38461538461538464
"IES3-missense_variant; tV,YKL068W-A-upstream_indel_variant; SEC4-synonymous_variant; LAA1-synonymous_variant",225103,other,other,other,other,GCATCAAACAGAAATGAAATTGAACG,0.34615384615384615
NotSequenced,225923,NotSequenced,NotSequenced,NotSequenced,NotSequenced,TGCAGAATTGTTAACGATCTTACCAT,0.34615384615384615
NotSequenced,226111,NotSequenced,NotSequenced,NotSequenced,NotSequenced,TCATCAATAGGAAAGGAGTTTAGGTA,0.34615384615384615
NotSequenced,227000,NotSequenced,NotSequenced,NotSequenced,NotSequenced,ATGTGAACCCTGAAGGCTATTAATTT,0.34615384615384615
"tR,-upstream_indel_variant; FOX2-frameshift_variant",229920,PKA,CYR1,Haploid,missense_variant,AAATCAAACCTAAACATTCTTTATGG,0.2692307692307692
nan-nan,230962,other,other,other,other,ATATCAACGATCAAGCGATTTGTTCC,0.38461538461538464
NotSequenced,231364,NotSequenced,NotSequenced,NotSequenced,NotSequenced,ACAGCAACCGCTAATCATATTCCGAG,0.46153846153846156
,232264,Diploid,Diploid,Diploid,Diploid,TGAATAACCTATAATGGCATTATGAA,0.2692307692307692
NotSequenced,233954,NotSequenced,NotSequenced,NotSequenced,NotSequenced,TAGCGAAAGTGAAAACTGTTAAGCAA,0.34615384615384615
,237576,Diploid,Diploid,Diploid,Diploid,GTCCTAATGATAAAGCACATTGTAAT,0.3076923076923077
nan-nan,238413,other,other,other,other,GGAACAAATCAAAATTAATTAACAAA,0.19230769230769232
nan-nan,239769,other,other,other,other,TGTCGAAGAAATAAGCCCGTTATTTG,0.38461538461538464
YLL066W-B-frameshift_variant,241857,other,other,other,other,GCGAGAAAATGAAACGTGCTTCGGCT,0.5
,244443,Diploid,Diploid,Diploid,Diploid,TTATAAAGATGTAATGGCTTTGCTCT,0.3076923076923077
NotSequenced,246829,NotSequenced,NotSequenced,NotSequenced,NotSequenced,TTAGAAAAAAAAACTTCGTTGGATTA,0.23076923076923078
FYV10-upstream_indel_variant,247616,other,other,other,other,GCTCTAATTTTAAAAGGAATTGATAC,0.2692307692307692
NotSequenced,248136,NotSequenced,NotSequenced,NotSequenced,NotSequenced,ATCTAAAGCTAGAAAAAAGTTGTAGA,0.2692307692307692
NotSequenced,251379,NotSequenced,NotSequenced,NotSequenced,NotSequenced,TCCACAATCGCGAACTTAGTTCTGGA,0.46153846153846156
"TCB2-upstream_point_variant; SUP51,CYR1-upstream_indel_variant; DMA1-frameshift_variant; LEU4-missense_variant; BAT1-upstream_point_variant",254044,other,other,other,other,TCATTAATTCACAAAAAATTTAGCCT,0.23076923076923078
NotSequenced,255385,NotSequenced,NotSequenced,NotSequenced,NotSequenced,GGGAGAAGTAACAAGGTATTATGATA,0.34615384615384615
FIG4-missense_variant; CNA1-missense_variant,258539,Diploid,Diploid,Diploid,Diploid,CTCCTAACGCCCAATGCTATTGGTCT,0.5
,261861,Diploid,Diploid,Diploid,Diploid,CTACCAAGAATTAAGCAGGTTGCGTA,0.4230769230769231
POP4-upstream_point_variant; FPK1-frameshift_variant,262917,other,other,other,other,AGCTGAAATATTAACAAGGTTTGAGC,0.34615384615384615
NotSequenced,263665,ExpNeutral,NotSequenced,NotSequenced,NotSequenced,CTCGTAATAAGAAAAATAGTTGAAGT,0.2692307692307692
,266802,Diploid,Diploid,Diploid,Diploid,AGCCTAACGTTCAACTGATTTATCAG,0.38461538461538464
nan-nan,270104,other,other,other,other,CCCCAAAGGTTGAAATAAGTTGCAAA,0.38461538461538464
PYC1-synonymous_variant; NMD3-synonymous_variant; SNZ3-missense_variant,273092,Diploid,Diploid,Diploid,Diploid,TTAATAAGAAGTAAAATTCTTTATCA,0.15384615384615385
nan-nan,276407,other,other,other,other,AGAATAAGCAGGAAGTATTTTAATGG,0.3076923076923077
MSK1-upstream_indel_variant,277185,other,other,other,other,CAAGCAAAAGTAAAAAGGCTTAGGGC,0.4230769230769231
NotSequenced,278476,NotSequenced,NotSequenced,NotSequenced,NotSequenced,TACGAAAGCTCTAATGCATTTACAAG,0.34615384615384615
NotSequenced,283952,NotSequenced,NotSequenced,NotSequenced,NotSequenced,TTGAAAACAAGCAACGAGTTTTATGG,0.34615384615384615
nan-nan,287352,other,other,other,other,TTCCTAACCTCTAACAGGTTTAATTA,0.3076923076923077
ADP1-missense_variant,294706,other,other,other,other,AACACAAGTTTCAAACTAATTATGGG,0.3076923076923077
NotSequenced,294994,NotSequenced,NotSequenced,NotSequenced,NotSequenced,CTGAAATAGTAAGTTTCTTTGCAAAT,0.2692307692307692
MSK1-upstream_indel_variant,295458,Diploid,Diploid,Diploid,Diploid,TAACAAACAACGAATATAATTAAGCC,0.2692307692307692
NotSequenced,295730,NotSequenced,NotSequenced,NotSequenced,NotSequenced,TCAGTAATATGGAATCCCTTTACATT,0.3076923076923077
NotSequenced,296771,NotSequenced,NotSequenced,NotSequenced,NotSequenced,TGGACAACGCGAAAAACCATTGAATG,0.4230769230769231
MSH5-missense_variant; PEP3-missense_variant; VHC1-synonymous_variant,297322,Diploid,Diploid,Diploid,Diploid,TCACTAATAGAAAATTAACTTCAGTA,0.23076923076923078
FYV10-upstream_indel_variant; YKL177W-upstream_point_variant,298344,ExpNeutral,other,other,other,TTATGAATTAGAAAGTAAGTTTAATA,0.15384615384615385
"MTC5-upstream_point_variant; SNR6-non_coding_transcript_exon_variant,non_coding_transcript_variant",303501,other,other,other,other,TTACCAAATAGGAACATATTTACAAT,0.23076923076923078
PAU16-upstream_point_variant; BEM2-missense_variant; YOL014W-missense_variant,304483,other,other,other,other,CGGAGAACCTGAAAGTAGATTAAGGG,0.46153846153846156
NotSequenced,304935,NotSequenced,NotSequenced,NotSequenced,NotSequenced,TGAGGAAGGTGAAAGTGCTTTCGAGT,0.46153846153846156
NotSequenced,309605,NotSequenced,NotSequenced,NotSequenced,NotSequenced,CAGATAATTATTAAAACTTTTTAGTG,0.19230769230769232
VRG4-upstream_indel_variant,309655,PKA,PDE2,Haploid,frameshift_variant,CAAAAAAACCCTAAGTAATTTTCCCG,0.34615384615384615
,310209,Diploid,Diploid,Diploid,Diploid,TAGTTAATCCTGAATGCCATTCAGGA,0.38461538461538464
PET127-upstream_point_variant; SUP61-upstream_indel_variant,316048,other,other,other,other,AGCATAACCGTGAATGTAGTTATATA,0.3076923076923077
NotSequenced,316954,ExpNeutral,NotSequenced,NotSequenced,NotSequenced,ATAAAAACAAGAATGCCATTAATATA,0.19230769230769232
FCF1-upstream_point_variant,317672,Diploid,Diploid,Diploid,Diploid,TATGTAAAGATGAACTGGGTTATCGC,0.38461538461538464
NotSequenced,319196,NotSequenced,NotSequenced,NotSequenced,NotSequenced,AGATCAAAGCGAAACTTCTTTAGGGC,0.4230769230769231
RKM3-upstream_point_variant,328579,Diploid,Diploid,Diploid,Diploid,GTTTTAACCATAAAGTATTTTGTACT,0.23076923076923078
IRC5-synonymous_variant,329774,Diploid,Diploid,Diploid,Diploid,CTATAAACCTCCAACCCGGTTGGGTC,0.5384615384615384
nan-nan,330943,other,other,other,other,AATTTAAATAACAAGTAGATTGGAGT,0.23076923076923078
NotSequenced,331012,NotSequenced,NotSequenced,NotSequenced,NotSequenced,CTTATAATTATTAAATCGTTGTCAAA,0.19230769230769232
NotSequenced,332232,NotSequenced,NotSequenced,NotSequenced,NotSequenced,CAACAAAACCAAAACCTTTTTCGTTA,0.3076923076923077
FAR3-frameshift_variant,334616,other,other,other,other,CCCGGAATACTTAAGCGGTTTATTAC,0.4230769230769231
"RET1-synonymous_variant; SUL1-upstream_point_variant; tR,YDR089W-upstream_indel_variant",336972,PKA,SCH9,Haploid,missense_variant,TTAACAATTGCAAATGTGTTTTTAAT,0.19230769230769232
YPL205C-frameshift_variant; APM2-upstream_indel_variant,338908,Diploid,Diploid,Diploid,Diploid,TACAAAACACCGAAAATGATTACAGC,0.34615384615384615
NotSequenced,340123,NotSequenced,NotSequenced,NotSequenced,NotSequenced,TGCCTAAACGGTAAGCGAGTTTCCCA,0.5
NotSequenced,341234,NotSequenced,NotSequenced,NotSequenced,NotSequenced,GCAGCAATCGCTAAGCTTGTTGTTGA,0.46153846153846156
NotSequenced,345698,NotSequenced,NotSequenced,NotSequenced,NotSequenced,GATATAACTGGGAAGGGGCTTTGAGC,0.5
NotSequenced,349198,NotSequenced,NotSequenced,NotSequenced,NotSequenced,TTTACAAAGTCAAACACATTTAGTTC,0.2692307692307692
NotSequenced,349927,NotSequenced,NotSequenced,NotSequenced,NotSequenced,CCAATAACAGACAAGAGACTTATTAA,0.3076923076923077
YEL023C-upstream_point_variant,352078,other,other,other,other,CAGCCAAATATGAAACGTATTTTGAA,0.3076923076923077
nan-nan,352705,other,other,other,other,TTCGAAAGAACCAAAGAGTTTGAACA,0.34615384615384615
NotSequenced,361412,NotSequenced,NotSequenced,NotSequenced,NotSequenced,CTTCCAACAAAAAATCATTTTATACA,0.23076923076923078
NotSequenced,365129,NotSequenced,NotSequenced,NotSequenced,NotSequenced,CTTAAACGATAAGCCACTTTTATGAT,0.3076923076923077
YBL006W-A-upstream_indel_variant,371306,other,other,other,other,ATAGTAAAGTTAAACTCATTTCACAG,0.2692307692307692
DAD3-synonymous_variant,375115,Diploid,Diploid,Diploid,Diploid,CAAAAAACCATTAATATTCTTTGTAT,0.19230769230769232
RCM1-stop_gained,378857,Diploid,Diploid,Diploid,Diploid,TAGCTAATAATAAACAAAATTGTTTT,0.15384615384615385
HCA4-synonymous_variant; YNL097W-A-missense_variant,379777,PKA,IRA2,Haploid,missense_variant,TTTAGAACGCTTAAATATATTCATCT,0.23076923076923078
nan-nan,381707,other,other,other,other,GTCGGAAGGAACAAACTAATTGTGCT,0.4230769230769231
NotSequenced,387733,NotSequenced,NotSequenced,NotSequenced,NotSequenced,TCGAAAATCAGGAAACGGTTAGGGTA,0.4230769230769231
,392361,Diploid,Diploid,Diploid,Diploid,CAATCAAAGTCAAACAACATTTTTAT,0.23076923076923078
NotSequenced,400133,NotSequenced,NotSequenced,NotSequenced,NotSequenced,ATGAAAGGATAAGCTGGTTGGTTGAT,0.38461538461538464
NotSequenced,411793,NotSequenced,NotSequenced,NotSequenced,NotSequenced,TTAGAAAAAAAAAACTTCGTTGGATA,0.23076923076923078
NotSequenced,414033,NotSequenced,NotSequenced,NotSequenced,NotSequenced,TTAACAAGCTGGAACTCTATTAGGTG,0.38461538461538464
NotSequenced,414373,NotSequenced,NotSequenced,NotSequenced,NotSequenced,CATATAATTCAAAATATTTTTTTATA,0.07692307692307693
NotSequenced,417393,NotSequenced,NotSequenced,NotSequenced,NotSequenced,AGGTAAAACTGCAAGCCATTAGTACA,0.38461538461538464
nan-nan,419648,other,other,other,other,TCCAAAACTCAGAATTCTTTTTACTC,0.3076923076923077
IST1-upstream_point_variant; UBA3-missense_variant,419831,Diploid,Diploid,Diploid,Diploid,CTTCAAATCCTCAAATTACTTCGCAT,0.34615384615384615
AST2-synonymous_variant; RDH54-upstream_point_variant,425471,Diploid,Diploid,Diploid,Diploid,GAATCAAACTTTAAGGACGTTTAACG,0.34615384615384615
NotSequenced,427035,NotSequenced,NotSequenced,NotSequenced,NotSequenced,TTCTGAATAGTAAGTTTCTTTGCAAA,0.2692307692307692
nan-nan,430247,other,other,other,other,CAAGAAACTTGTAACAGTTTTGAGTT,0.3076923076923077
NotSequenced,433489,NotSequenced,NotSequenced,NotSequenced,NotSequenced,GAAAAACAGGAAACGGTTTAGGGTAT,0.38461538461538464
,434397,Diploid,Diploid,Diploid,Diploid,CGCCAAATAATCAAATGTGTTTCGCT,0.38461538461538464
NotSequenced,454012,NotSequenced,NotSequenced,NotSequenced,NotSequenced,TCGAAAATCAGGAACGGTTTAGGGTA,0.4230769230769231
"CDC11-upstream_indel_variant; PCA1-synonymous_variant; TRP5-missense_variant; YDL211C,tG-upstream_indel_variant",454851,other,other,other,other,CTGTGAATTACGAAAAATGTTACTCC,0.34615384615384615
NotSequenced,465343,NotSequenced,NotSequenced,NotSequenced,NotSequenced,GCTTAAAATGTCAAGCTGTTGGGATA,0.38461538461538464
NotSequenced,467348,NotSequenced,NotSequenced,NotSequenced,NotSequenced,TCTCAAATATAAAAAGTTTTTTAGCA,0.19230769230769232
NotSequenced,469646,NotSequenced,NotSequenced,NotSequenced,NotSequenced,GAGAAATAACAAGGTATTTATGATAT,0.23076923076923078
NotSequenced,480412,NotSequenced,NotSequenced,NotSequenced,NotSequenced,TTAGAAAAAAAACTTCGTTGGATTAT,0.23076923076923078
NotSequenced,481885,NotSequenced,NotSequenced,NotSequenced,NotSequenced,CAACAAAAACCAAAACCTTTTCGTTA,0.3076923076923077
NotSequenced,488655,NotSequenced,NotSequenced,NotSequenced,NotSequenced,CTTCCAACAAAAATCATTTTTATACA,0.23076923076923078
NotSequenced,490448,NotSequenced,NotSequenced,NotSequenced,NotSequenced,TACGTAAAAAAAAAAATGTGTTTAGT,0.19230769230769232
NotSequenced,7777777,NotSequenced,NotSequenced,NotSequenced,NotSequenced,GAATTAAGTTGGAACAGTGTTGACAG,0.38461538461538464
,9000001,PKA,IRA1,Haploid,missense,,
,9000002,PKA,IRA1,Haploid,missense,,
,9000003,PKA,IRA1,Haploid,missense,,
,9000005,PKA,IRA1,Haploid,missense,,
,9000006,PKA,IRA1,Haploid,missense,,
,9000007,PKA,IRA1,Haploid,missense,,
,9000008,PKA,IRA1,Haploid,missense,,
,9000009,PKA,IRA1,Haploid,missense,,
,9000010,PKA,IRA1,Haploid,missense,,
,9000101,PKA,IRA1,Haploid,stop_gained,,
,9000103,PKA,IRA1,Haploid,stop_gained,,
,9000104,PKA,IRA1,Haploid,stop_gained,,
,9000105,PKA,IRA1,Haploid,stop_gained,,
,9000106,PKA,IRA1,Haploid,stop_gained,,
,9000107,PKA,IRA1,Haploid,stop_gained,,
,9000108,PKA,IRA1,Haploid,stop_gained,,
,9000109,PKA,IRA1,Haploid,stop_gained,,
,9000110,PKA,IRA1,Haploid,stop_gained,,
